{
  "center_x": -8232501.128050669,
  "center_y": 4976600.139638699,
  "crs": "EPSG:3857"
}